<?xml version="1.0" encoding="UTF-8"?>
<spirit:component xmlns:xilinx="http://www.xilinx.com"
		xmlns:spirit="http://www.spiritconsortium.org/XMLSchema/SPIRIT/1685-2009"
		xmlns:xsi="http://www.w3.org/2001/XMLSchema-instance">
	<spirit:vendor>xilinx.com</spirit:vendor>
	<spirit:library>customized_ip</spirit:library>
	<spirit:name>tutorial_v_axi4s_vid_out_0_0</spirit:name>
	<spirit:version>1.0</spirit:version>
	<spirit:busInterfaces>
		<spirit:busInterface>
			<spirit:name>video_in</spirit:name>
			<spirit:displayName>VIDEO_IN</spirit:displayName>
			<spirit:description>Slave, Video over AXI4-Stream</spirit:description>
			<spirit:busType spirit:vendor="xilinx.com"
					spirit:library="interface"
					spirit:name="axis"
					spirit:version="1.0"/>
			<spirit:abstractionType spirit:vendor="xilinx.com"
					spirit:library="interface"
					spirit:name="axis_rtl"
					spirit:version="1.0"/>
			<spirit:slave/>
			<spirit:portMaps>
				<spirit:portMap>
					<spirit:logicalPort>
						<spirit:name>TDATA</spirit:name>
					</spirit:logicalPort>
					<spirit:physicalPort>
						<spirit:name>s_axis_video_tdata</spirit:name>
					</spirit:physicalPort>
				</spirit:portMap>
				<spirit:portMap>
					<spirit:logicalPort>
						<spirit:name>TLAST</spirit:name>
					</spirit:logicalPort>
					<spirit:physicalPort>
						<spirit:name>s_axis_video_tlast</spirit:name>
					</spirit:physicalPort>
				</spirit:portMap>
				<spirit:portMap>
					<spirit:logicalPort>
						<spirit:name>TREADY</spirit:name>
					</spirit:logicalPort>
					<spirit:physicalPort>
						<spirit:name>s_axis_video_tready</spirit:name>
					</spirit:physicalPort>
				</spirit:portMap>
				<spirit:portMap>
					<spirit:logicalPort>
						<spirit:name>TUSER</spirit:name>
					</spirit:logicalPort>
					<spirit:physicalPort>
						<spirit:name>s_axis_video_tuser</spirit:name>
					</spirit:physicalPort>
				</spirit:portMap>
				<spirit:portMap>
					<spirit:logicalPort>
						<spirit:name>TVALID</spirit:name>
					</spirit:logicalPort>
					<spirit:physicalPort>
						<spirit:name>s_axis_video_tvalid</spirit:name>
					</spirit:physicalPort>
				</spirit:portMap>
			</spirit:portMaps>
		</spirit:busInterface>
		<spirit:busInterface>
			<spirit:name>vtiming_in</spirit:name>
			<spirit:displayName>VTIMING_IN</spirit:displayName>
			<spirit:description>Video sync and timing signals</spirit:description>
			<spirit:busType spirit:vendor="xilinx.com"
					spirit:library="interface"
					spirit:name="video_timing"
					spirit:version="2.0"/>
			<spirit:abstractionType spirit:vendor="xilinx.com"
					spirit:library="interface"
					spirit:name="video_timing_rtl"
					spirit:version="2.0"/>
			<spirit:slave/>
			<spirit:portMaps>
				<spirit:portMap>
					<spirit:logicalPort>
						<spirit:name>ACTIVE_VIDEO</spirit:name>
					</spirit:logicalPort>
					<spirit:physicalPort>
						<spirit:name>vtg_active_video</spirit:name>
					</spirit:physicalPort>
				</spirit:portMap>
				<spirit:portMap>
					<spirit:logicalPort>
						<spirit:name>FIELD</spirit:name>
					</spirit:logicalPort>
					<spirit:physicalPort>
						<spirit:name>vtg_field_id</spirit:name>
					</spirit:physicalPort>
				</spirit:portMap>
				<spirit:portMap>
					<spirit:logicalPort>
						<spirit:name>HBLANK</spirit:name>
					</spirit:logicalPort>
					<spirit:physicalPort>
						<spirit:name>vtg_hblank</spirit:name>
					</spirit:physicalPort>
				</spirit:portMap>
				<spirit:portMap>
					<spirit:logicalPort>
						<spirit:name>HSYNC</spirit:name>
					</spirit:logicalPort>
					<spirit:physicalPort>
						<spirit:name>vtg_hsync</spirit:name>
					</spirit:physicalPort>
				</spirit:portMap>
				<spirit:portMap>
					<spirit:logicalPort>
						<spirit:name>VBLANK</spirit:name>
					</spirit:logicalPort>
					<spirit:physicalPort>
						<spirit:name>vtg_vblank</spirit:name>
					</spirit:physicalPort>
				</spirit:portMap>
				<spirit:portMap>
					<spirit:logicalPort>
						<spirit:name>VSYNC</spirit:name>
					</spirit:logicalPort>
					<spirit:physicalPort>
						<spirit:name>vtg_vsync</spirit:name>
					</spirit:physicalPort>
				</spirit:portMap>
			</spirit:portMaps>
		</spirit:busInterface>
		<spirit:busInterface>
			<spirit:name>vid_io_out_clk_intf</spirit:name>
			<spirit:busType spirit:vendor="xilinx.com"
					spirit:library="signal"
					spirit:name="clock"
					spirit:version="1.0"/>
			<spirit:abstractionType spirit:vendor="xilinx.com"
					spirit:library="signal"
					spirit:name="clock_rtl"
					spirit:version="1.0"/>
			<spirit:slave/>
			<spirit:portMaps>
				<spirit:portMap>
					<spirit:logicalPort>
						<spirit:name>CLK</spirit:name>
					</spirit:logicalPort>
					<spirit:physicalPort>
						<spirit:name>vid_io_out_clk</spirit:name>
					</spirit:physicalPort>
				</spirit:portMap>
			</spirit:portMaps>
			<spirit:parameters>
				<spirit:parameter>
					<spirit:name>ASSOCIATED_BUSIF</spirit:name>
					<spirit:value spirit:id="BUSIFPARAM_VALUE.VID_IO_OUT_CLK_INTF.ASSOCIATED_BUSIF">vid_io_out</spirit:value>
				</spirit:parameter>
			</spirit:parameters>
		</spirit:busInterface>
		<spirit:busInterface>
			<spirit:name>aclk_intf</spirit:name>
			<spirit:busType spirit:vendor="xilinx.com"
					spirit:library="signal"
					spirit:name="clock"
					spirit:version="1.0"/>
			<spirit:abstractionType spirit:vendor="xilinx.com"
					spirit:library="signal"
					spirit:name="clock_rtl"
					spirit:version="1.0"/>
			<spirit:slave/>
			<spirit:portMaps>
				<spirit:portMap>
					<spirit:logicalPort>
						<spirit:name>CLK</spirit:name>
					</spirit:logicalPort>
					<spirit:physicalPort>
						<spirit:name>aclk</spirit:name>
					</spirit:physicalPort>
				</spirit:portMap>
			</spirit:portMaps>
			<spirit:parameters>
				<spirit:parameter>
					<spirit:name>ASSOCIATED_BUSIF</spirit:name>
					<spirit:value spirit:id="BUSIFPARAM_VALUE.ACLK_INTF.ASSOCIATED_BUSIF">video_in</spirit:value>
				</spirit:parameter>
			</spirit:parameters>
		</spirit:busInterface>
		<spirit:busInterface>
			<spirit:name>aresetn_intf</spirit:name>
			<spirit:busType spirit:vendor="xilinx.com"
					spirit:library="signal"
					spirit:name="reset"
					spirit:version="1.0"/>
			<spirit:abstractionType spirit:vendor="xilinx.com"
					spirit:library="signal"
					spirit:name="reset_rtl"
					spirit:version="1.0"/>
			<spirit:slave/>
			<spirit:portMaps>
				<spirit:portMap>
					<spirit:logicalPort>
						<spirit:name>RST</spirit:name>
					</spirit:logicalPort>
					<spirit:physicalPort>
						<spirit:name>aresetn</spirit:name>
					</spirit:physicalPort>
				</spirit:portMap>
			</spirit:portMaps>
			<spirit:parameters>
				<spirit:parameter>
					<spirit:name>POLARITY</spirit:name>
					<spirit:value spirit:id="BUSIFPARAM_VALUE.ARESETN_INTF.POLARITY">ACTIVE_LOW</spirit:value>
				</spirit:parameter>
			</spirit:parameters>
		</spirit:busInterface>
		<spirit:busInterface>
			<spirit:name>vid_io_out_ce_intf</spirit:name>
			<spirit:busType spirit:vendor="xilinx.com"
					spirit:library="signal"
					spirit:name="clockenable"
					spirit:version="1.0"/>
			<spirit:abstractionType spirit:vendor="xilinx.com"
					spirit:library="signal"
					spirit:name="clockenable_rtl"
					spirit:version="1.0"/>
			<spirit:slave/>
			<spirit:portMaps>
				<spirit:portMap>
					<spirit:logicalPort>
						<spirit:name>CE</spirit:name>
					</spirit:logicalPort>
					<spirit:physicalPort>
						<spirit:name>vid_io_out_ce</spirit:name>
					</spirit:physicalPort>
				</spirit:portMap>
			</spirit:portMaps>
		</spirit:busInterface>
		<spirit:busInterface>
			<spirit:name>aclken_intf</spirit:name>
			<spirit:busType spirit:vendor="xilinx.com"
					spirit:library="signal"
					spirit:name="clockenable"
					spirit:version="1.0"/>
			<spirit:abstractionType spirit:vendor="xilinx.com"
					spirit:library="signal"
					spirit:name="clockenable_rtl"
					spirit:version="1.0"/>
			<spirit:slave/>
			<spirit:portMaps>
				<spirit:portMap>
					<spirit:logicalPort>
						<spirit:name>CE</spirit:name>
					</spirit:logicalPort>
					<spirit:physicalPort>
						<spirit:name>aclken</spirit:name>
					</spirit:physicalPort>
				</spirit:portMap>
			</spirit:portMaps>
		</spirit:busInterface>
		<spirit:busInterface>
			<spirit:name>vid_io_out</spirit:name>
			<spirit:displayName>VID_IO_OUT</spirit:displayName>
			<spirit:description>Output Bus. Video data with sync and timing</spirit:description>
			<spirit:busType spirit:vendor="xilinx.com"
					spirit:library="interface"
					spirit:name="vid_io"
					spirit:version="1.0"/>
			<spirit:abstractionType spirit:vendor="xilinx.com"
					spirit:library="interface"
					spirit:name="vid_io_rtl"
					spirit:version="1.0"/>
			<spirit:master/>
			<spirit:portMaps>
				<spirit:portMap>
					<spirit:logicalPort>
						<spirit:name>ACTIVE_VIDEO</spirit:name>
					</spirit:logicalPort>
					<spirit:physicalPort>
						<spirit:name>vid_active_video</spirit:name>
					</spirit:physicalPort>
				</spirit:portMap>
				<spirit:portMap>
					<spirit:logicalPort>
						<spirit:name>DATA</spirit:name>
					</spirit:logicalPort>
					<spirit:physicalPort>
						<spirit:name>vid_data</spirit:name>
					</spirit:physicalPort>
				</spirit:portMap>
				<spirit:portMap>
					<spirit:logicalPort>
						<spirit:name>FIELD</spirit:name>
					</spirit:logicalPort>
					<spirit:physicalPort>
						<spirit:name>vid_field_id</spirit:name>
					</spirit:physicalPort>
				</spirit:portMap>
				<spirit:portMap>
					<spirit:logicalPort>
						<spirit:name>HBLANK</spirit:name>
					</spirit:logicalPort>
					<spirit:physicalPort>
						<spirit:name>vid_hblank</spirit:name>
					</spirit:physicalPort>
				</spirit:portMap>
				<spirit:portMap>
					<spirit:logicalPort>
						<spirit:name>HSYNC</spirit:name>
					</spirit:logicalPort>
					<spirit:physicalPort>
						<spirit:name>vid_hsync</spirit:name>
					</spirit:physicalPort>
				</spirit:portMap>
				<spirit:portMap>
					<spirit:logicalPort>
						<spirit:name>VBLANK</spirit:name>
					</spirit:logicalPort>
					<spirit:physicalPort>
						<spirit:name>vid_vblank</spirit:name>
					</spirit:physicalPort>
				</spirit:portMap>
				<spirit:portMap>
					<spirit:logicalPort>
						<spirit:name>VSYNC</spirit:name>
					</spirit:logicalPort>
					<spirit:physicalPort>
						<spirit:name>vid_vsync</spirit:name>
					</spirit:physicalPort>
				</spirit:portMap>
			</spirit:portMaps>
		</spirit:busInterface>
		<spirit:busInterface>
			<spirit:name>rst_intf</spirit:name>
			<spirit:displayName>rst</spirit:displayName>
			<spirit:busType spirit:vendor="xilinx.com"
					spirit:library="signal"
					spirit:name="reset"
					spirit:version="1.0"/>
			<spirit:abstractionType spirit:vendor="xilinx.com"
					spirit:library="signal"
					spirit:name="reset_rtl"
					spirit:version="1.0"/>
			<spirit:slave/>
			<spirit:portMaps>
				<spirit:portMap>
					<spirit:logicalPort>
						<spirit:name>RST</spirit:name>
					</spirit:logicalPort>
					<spirit:physicalPort>
						<spirit:name>rst</spirit:name>
					</spirit:physicalPort>
				</spirit:portMap>
			</spirit:portMaps>
			<spirit:parameters>
				<spirit:parameter>
					<spirit:name>POLARITY</spirit:name>
					<spirit:value spirit:id="BUSIFPARAM_VALUE.RST_INTF.POLARITY">ACTIVE_HIGH</spirit:value>
				</spirit:parameter>
			</spirit:parameters>
		</spirit:busInterface>
	</spirit:busInterfaces>
	<spirit:model>
		<spirit:ports>
			<spirit:port>
				<spirit:name>aclk</spirit:name>
				<spirit:wire>
					<spirit:direction>in</spirit:direction>
					<spirit:wireTypeDefs>
						<spirit:wireTypeDef>
							<spirit:typeName>wire</spirit:typeName>
							<spirit:viewNameRef>dummy_view</spirit:viewNameRef>
						</spirit:wireTypeDef>
					</spirit:wireTypeDefs>
				</spirit:wire>
				<spirit:vendorExtensions>
					<xilinx:portInfo>
						<xilinx:enablement>
							<xilinx:isEnabled>true</xilinx:isEnabled>
						</xilinx:enablement>
					</xilinx:portInfo>
				</spirit:vendorExtensions>
			</spirit:port>
			<spirit:port>
				<spirit:name>rst</spirit:name>
				<spirit:wire>
					<spirit:direction>in</spirit:direction>
					<spirit:wireTypeDefs>
						<spirit:wireTypeDef>
							<spirit:typeName>wire</spirit:typeName>
							<spirit:viewNameRef>dummy_view</spirit:viewNameRef>
						</spirit:wireTypeDef>
					</spirit:wireTypeDefs>
					<spirit:driver>
						<spirit:defaultValue>0</spirit:defaultValue>
					</spirit:driver>
				</spirit:wire>
				<spirit:vendorExtensions>
					<xilinx:portInfo>
						<xilinx:enablement>
							<xilinx:isEnabled>true</xilinx:isEnabled>
						</xilinx:enablement>
					</xilinx:portInfo>
				</spirit:vendorExtensions>
			</spirit:port>
			<spirit:port>
				<spirit:name>aclken</spirit:name>
				<spirit:wire>
					<spirit:direction>in</spirit:direction>
					<spirit:wireTypeDefs>
						<spirit:wireTypeDef>
							<spirit:typeName>wire</spirit:typeName>
							<spirit:viewNameRef>dummy_view</spirit:viewNameRef>
						</spirit:wireTypeDef>
					</spirit:wireTypeDefs>
					<spirit:driver>
						<spirit:defaultValue>1</spirit:defaultValue>
					</spirit:driver>
				</spirit:wire>
				<spirit:vendorExtensions>
					<xilinx:portInfo>
						<xilinx:enablement>
							<xilinx:isEnabled>true</xilinx:isEnabled>
						</xilinx:enablement>
					</xilinx:portInfo>
				</spirit:vendorExtensions>
			</spirit:port>
			<spirit:port>
				<spirit:name>aresetn</spirit:name>
				<spirit:wire>
					<spirit:direction>in</spirit:direction>
					<spirit:wireTypeDefs>
						<spirit:wireTypeDef>
							<spirit:typeName>wire</spirit:typeName>
							<spirit:viewNameRef>dummy_view</spirit:viewNameRef>
						</spirit:wireTypeDef>
					</spirit:wireTypeDefs>
					<spirit:driver>
						<spirit:defaultValue>1</spirit:defaultValue>
					</spirit:driver>
				</spirit:wire>
				<spirit:vendorExtensions>
					<xilinx:portInfo>
						<xilinx:enablement>
							<xilinx:isEnabled>true</xilinx:isEnabled>
						</xilinx:enablement>
					</xilinx:portInfo>
				</spirit:vendorExtensions>
			</spirit:port>
			<spirit:port>
				<spirit:name>s_axis_video_tdata</spirit:name>
				<spirit:wire>
					<spirit:direction>in</spirit:direction>
					<spirit:vector>
						<spirit:left spirit:format="long"
								spirit:resolve="dependent"
								spirit:dependency="(spirit:decode(id(&apos;MODELPARAM_VALUE.C_S_AXIS_VIDEO_TDATA_WIDTH&apos;)) - 1)">15</spirit:left>
						<spirit:right spirit:format="long"
								spirit:resolve="immediate">0</spirit:right>
					</spirit:vector>
					<spirit:wireTypeDefs>
						<spirit:wireTypeDef>
							<spirit:typeName>wire</spirit:typeName>
							<spirit:viewNameRef>dummy_view</spirit:viewNameRef>
						</spirit:wireTypeDef>
					</spirit:wireTypeDefs>
				</spirit:wire>
				<spirit:vendorExtensions>
					<xilinx:portInfo>
						<xilinx:enablement>
							<xilinx:isEnabled>true</xilinx:isEnabled>
						</xilinx:enablement>
					</xilinx:portInfo>
				</spirit:vendorExtensions>
			</spirit:port>
			<spirit:port>
				<spirit:name>s_axis_video_tvalid</spirit:name>
				<spirit:wire>
					<spirit:direction>in</spirit:direction>
					<spirit:wireTypeDefs>
						<spirit:wireTypeDef>
							<spirit:typeName>wire</spirit:typeName>
							<spirit:viewNameRef>dummy_view</spirit:viewNameRef>
						</spirit:wireTypeDef>
					</spirit:wireTypeDefs>
				</spirit:wire>
				<spirit:vendorExtensions>
					<xilinx:portInfo>
						<xilinx:enablement>
							<xilinx:isEnabled>true</xilinx:isEnabled>
						</xilinx:enablement>
					</xilinx:portInfo>
				</spirit:vendorExtensions>
			</spirit:port>
			<spirit:port>
				<spirit:name>s_axis_video_tready</spirit:name>
				<spirit:wire>
					<spirit:direction>out</spirit:direction>
					<spirit:wireTypeDefs>
						<spirit:wireTypeDef>
							<spirit:typeName>wire</spirit:typeName>
							<spirit:viewNameRef>dummy_view</spirit:viewNameRef>
						</spirit:wireTypeDef>
					</spirit:wireTypeDefs>
				</spirit:wire>
				<spirit:vendorExtensions>
					<xilinx:portInfo>
						<xilinx:enablement>
							<xilinx:isEnabled>true</xilinx:isEnabled>
						</xilinx:enablement>
					</xilinx:portInfo>
				</spirit:vendorExtensions>
			</spirit:port>
			<spirit:port>
				<spirit:name>s_axis_video_tuser</spirit:name>
				<spirit:wire>
					<spirit:direction>in</spirit:direction>
					<spirit:wireTypeDefs>
						<spirit:wireTypeDef>
							<spirit:typeName>wire</spirit:typeName>
							<spirit:viewNameRef>dummy_view</spirit:viewNameRef>
						</spirit:wireTypeDef>
					</spirit:wireTypeDefs>
				</spirit:wire>
				<spirit:vendorExtensions>
					<xilinx:portInfo>
						<xilinx:enablement>
							<xilinx:isEnabled>true</xilinx:isEnabled>
						</xilinx:enablement>
					</xilinx:portInfo>
				</spirit:vendorExtensions>
			</spirit:port>
			<spirit:port>
				<spirit:name>s_axis_video_tlast</spirit:name>
				<spirit:wire>
					<spirit:direction>in</spirit:direction>
					<spirit:wireTypeDefs>
						<spirit:wireTypeDef>
							<spirit:typeName>wire</spirit:typeName>
							<spirit:viewNameRef>dummy_view</spirit:viewNameRef>
						</spirit:wireTypeDef>
					</spirit:wireTypeDefs>
				</spirit:wire>
				<spirit:vendorExtensions>
					<xilinx:portInfo>
						<xilinx:enablement>
							<xilinx:isEnabled>true</xilinx:isEnabled>
						</xilinx:enablement>
					</xilinx:portInfo>
				</spirit:vendorExtensions>
			</spirit:port>
			<spirit:port>
				<spirit:name>fid</spirit:name>
				<spirit:wire>
					<spirit:direction>in</spirit:direction>
					<spirit:wireTypeDefs>
						<spirit:wireTypeDef>
							<spirit:typeName>wire</spirit:typeName>
							<spirit:viewNameRef>dummy_view</spirit:viewNameRef>
						</spirit:wireTypeDef>
					</spirit:wireTypeDefs>
					<spirit:driver>
						<spirit:defaultValue>0</spirit:defaultValue>
					</spirit:driver>
				</spirit:wire>
			</spirit:port>
			<spirit:port>
				<spirit:name>vid_io_out_clk</spirit:name>
				<spirit:wire>
					<spirit:direction>in</spirit:direction>
					<spirit:wireTypeDefs>
						<spirit:wireTypeDef>
							<spirit:typeName>wire</spirit:typeName>
							<spirit:viewNameRef>dummy_view</spirit:viewNameRef>
						</spirit:wireTypeDef>
					</spirit:wireTypeDefs>
				</spirit:wire>
				<spirit:vendorExtensions>
					<xilinx:portInfo>
						<xilinx:enablement>
							<xilinx:isEnabled>true</xilinx:isEnabled>
						</xilinx:enablement>
					</xilinx:portInfo>
				</spirit:vendorExtensions>
			</spirit:port>
			<spirit:port>
				<spirit:name>vid_io_out_ce</spirit:name>
				<spirit:wire>
					<spirit:direction>in</spirit:direction>
					<spirit:wireTypeDefs>
						<spirit:wireTypeDef>
							<spirit:typeName>wire</spirit:typeName>
							<spirit:viewNameRef>dummy_view</spirit:viewNameRef>
						</spirit:wireTypeDef>
					</spirit:wireTypeDefs>
					<spirit:driver>
						<spirit:defaultValue>1</spirit:defaultValue>
					</spirit:driver>
				</spirit:wire>
				<spirit:vendorExtensions>
					<xilinx:portInfo>
						<xilinx:enablement>
							<xilinx:isEnabled>true</xilinx:isEnabled>
						</xilinx:enablement>
					</xilinx:portInfo>
				</spirit:vendorExtensions>
			</spirit:port>
			<spirit:port>
				<spirit:name>vid_active_video</spirit:name>
				<spirit:wire>
					<spirit:direction>out</spirit:direction>
					<spirit:wireTypeDefs>
						<spirit:wireTypeDef>
							<spirit:typeName>wire</spirit:typeName>
							<spirit:viewNameRef>dummy_view</spirit:viewNameRef>
						</spirit:wireTypeDef>
					</spirit:wireTypeDefs>
				</spirit:wire>
				<spirit:vendorExtensions>
					<xilinx:portInfo>
						<xilinx:enablement>
							<xilinx:isEnabled>true</xilinx:isEnabled>
						</xilinx:enablement>
					</xilinx:portInfo>
				</spirit:vendorExtensions>
			</spirit:port>
			<spirit:port>
				<spirit:name>vid_vsync</spirit:name>
				<spirit:wire>
					<spirit:direction>out</spirit:direction>
					<spirit:wireTypeDefs>
						<spirit:wireTypeDef>
							<spirit:typeName>wire</spirit:typeName>
							<spirit:viewNameRef>dummy_view</spirit:viewNameRef>
						</spirit:wireTypeDef>
					</spirit:wireTypeDefs>
				</spirit:wire>
				<spirit:vendorExtensions>
					<xilinx:portInfo>
						<xilinx:enablement>
							<xilinx:isEnabled>true</xilinx:isEnabled>
						</xilinx:enablement>
					</xilinx:portInfo>
				</spirit:vendorExtensions>
			</spirit:port>
			<spirit:port>
				<spirit:name>vid_hsync</spirit:name>
				<spirit:wire>
					<spirit:direction>out</spirit:direction>
					<spirit:wireTypeDefs>
						<spirit:wireTypeDef>
							<spirit:typeName>wire</spirit:typeName>
							<spirit:viewNameRef>dummy_view</spirit:viewNameRef>
						</spirit:wireTypeDef>
					</spirit:wireTypeDefs>
				</spirit:wire>
				<spirit:vendorExtensions>
					<xilinx:portInfo>
						<xilinx:enablement>
							<xilinx:isEnabled>true</xilinx:isEnabled>
						</xilinx:enablement>
					</xilinx:portInfo>
				</spirit:vendorExtensions>
			</spirit:port>
			<spirit:port>
				<spirit:name>vid_vblank</spirit:name>
				<spirit:wire>
					<spirit:direction>out</spirit:direction>
					<spirit:wireTypeDefs>
						<spirit:wireTypeDef>
							<spirit:typeName>wire</spirit:typeName>
							<spirit:viewNameRef>dummy_view</spirit:viewNameRef>
						</spirit:wireTypeDef>
					</spirit:wireTypeDefs>
				</spirit:wire>
				<spirit:vendorExtensions>
					<xilinx:portInfo>
						<xilinx:enablement>
							<xilinx:isEnabled>true</xilinx:isEnabled>
						</xilinx:enablement>
					</xilinx:portInfo>
				</spirit:vendorExtensions>
			</spirit:port>
			<spirit:port>
				<spirit:name>vid_hblank</spirit:name>
				<spirit:wire>
					<spirit:direction>out</spirit:direction>
					<spirit:wireTypeDefs>
						<spirit:wireTypeDef>
							<spirit:typeName>wire</spirit:typeName>
							<spirit:viewNameRef>dummy_view</spirit:viewNameRef>
						</spirit:wireTypeDef>
					</spirit:wireTypeDefs>
				</spirit:wire>
				<spirit:vendorExtensions>
					<xilinx:portInfo>
						<xilinx:enablement>
							<xilinx:isEnabled>true</xilinx:isEnabled>
						</xilinx:enablement>
					</xilinx:portInfo>
				</spirit:vendorExtensions>
			</spirit:port>
			<spirit:port>
				<spirit:name>vid_field_id</spirit:name>
				<spirit:wire>
					<spirit:direction>out</spirit:direction>
					<spirit:wireTypeDefs>
						<spirit:wireTypeDef>
							<spirit:typeName>wire</spirit:typeName>
							<spirit:viewNameRef>dummy_view</spirit:viewNameRef>
						</spirit:wireTypeDef>
					</spirit:wireTypeDefs>
				</spirit:wire>
				<spirit:vendorExtensions>
					<xilinx:portInfo>
						<xilinx:enablement>
							<xilinx:isEnabled>true</xilinx:isEnabled>
						</xilinx:enablement>
					</xilinx:portInfo>
				</spirit:vendorExtensions>
			</spirit:port>
			<spirit:port>
				<spirit:name>vid_data</spirit:name>
				<spirit:wire>
					<spirit:direction>out</spirit:direction>
					<spirit:vector>
						<spirit:left spirit:format="long"
								spirit:resolve="dependent"
								spirit:dependency="(spirit:decode(id(&apos;MODELPARAM_VALUE.VID_OUT_DATA_WIDTH&apos;)) - 1)">15</spirit:left>
						<spirit:right spirit:format="long"
								spirit:resolve="immediate">0</spirit:right>
					</spirit:vector>
					<spirit:wireTypeDefs>
						<spirit:wireTypeDef>
							<spirit:typeName>wire</spirit:typeName>
							<spirit:viewNameRef>dummy_view</spirit:viewNameRef>
						</spirit:wireTypeDef>
					</spirit:wireTypeDefs>
				</spirit:wire>
				<spirit:vendorExtensions>
					<xilinx:portInfo>
						<xilinx:enablement>
							<xilinx:isEnabled>true</xilinx:isEnabled>
						</xilinx:enablement>
					</xilinx:portInfo>
				</spirit:vendorExtensions>
			</spirit:port>
			<spirit:port>
				<spirit:name>vtg_vsync</spirit:name>
				<spirit:wire>
					<spirit:direction>in</spirit:direction>
					<spirit:wireTypeDefs>
						<spirit:wireTypeDef>
							<spirit:typeName>wire</spirit:typeName>
							<spirit:viewNameRef>dummy_view</spirit:viewNameRef>
						</spirit:wireTypeDef>
					</spirit:wireTypeDefs>
				</spirit:wire>
				<spirit:vendorExtensions>
					<xilinx:portInfo>
						<xilinx:enablement>
							<xilinx:isEnabled>true</xilinx:isEnabled>
						</xilinx:enablement>
					</xilinx:portInfo>
				</spirit:vendorExtensions>
			</spirit:port>
			<spirit:port>
				<spirit:name>vtg_hsync</spirit:name>
				<spirit:wire>
					<spirit:direction>in</spirit:direction>
					<spirit:wireTypeDefs>
						<spirit:wireTypeDef>
							<spirit:typeName>wire</spirit:typeName>
							<spirit:viewNameRef>dummy_view</spirit:viewNameRef>
						</spirit:wireTypeDef>
					</spirit:wireTypeDefs>
				</spirit:wire>
				<spirit:vendorExtensions>
					<xilinx:portInfo>
						<xilinx:enablement>
							<xilinx:isEnabled>true</xilinx:isEnabled>
						</xilinx:enablement>
					</xilinx:portInfo>
				</spirit:vendorExtensions>
			</spirit:port>
			<spirit:port>
				<spirit:name>vtg_vblank</spirit:name>
				<spirit:wire>
					<spirit:direction>in</spirit:direction>
					<spirit:wireTypeDefs>
						<spirit:wireTypeDef>
							<spirit:typeName>wire</spirit:typeName>
							<spirit:viewNameRef>dummy_view</spirit:viewNameRef>
						</spirit:wireTypeDef>
					</spirit:wireTypeDefs>
				</spirit:wire>
				<spirit:vendorExtensions>
					<xilinx:portInfo>
						<xilinx:enablement>
							<xilinx:isEnabled>true</xilinx:isEnabled>
						</xilinx:enablement>
					</xilinx:portInfo>
				</spirit:vendorExtensions>
			</spirit:port>
			<spirit:port>
				<spirit:name>vtg_hblank</spirit:name>
				<spirit:wire>
					<spirit:direction>in</spirit:direction>
					<spirit:wireTypeDefs>
						<spirit:wireTypeDef>
							<spirit:typeName>wire</spirit:typeName>
							<spirit:viewNameRef>dummy_view</spirit:viewNameRef>
						</spirit:wireTypeDef>
					</spirit:wireTypeDefs>
				</spirit:wire>
				<spirit:vendorExtensions>
					<xilinx:portInfo>
						<xilinx:enablement>
							<xilinx:isEnabled>true</xilinx:isEnabled>
						</xilinx:enablement>
					</xilinx:portInfo>
				</spirit:vendorExtensions>
			</spirit:port>
			<spirit:port>
				<spirit:name>vtg_active_video</spirit:name>
				<spirit:wire>
					<spirit:direction>in</spirit:direction>
					<spirit:wireTypeDefs>
						<spirit:wireTypeDef>
							<spirit:typeName>wire</spirit:typeName>
							<spirit:viewNameRef>dummy_view</spirit:viewNameRef>
						</spirit:wireTypeDef>
					</spirit:wireTypeDefs>
				</spirit:wire>
				<spirit:vendorExtensions>
					<xilinx:portInfo>
						<xilinx:enablement>
							<xilinx:isEnabled>true</xilinx:isEnabled>
						</xilinx:enablement>
					</xilinx:portInfo>
				</spirit:vendorExtensions>
			</spirit:port>
			<spirit:port>
				<spirit:name>vtg_field_id</spirit:name>
				<spirit:wire>
					<spirit:direction>in</spirit:direction>
					<spirit:wireTypeDefs>
						<spirit:wireTypeDef>
							<spirit:typeName>wire</spirit:typeName>
							<spirit:viewNameRef>dummy_view</spirit:viewNameRef>
						</spirit:wireTypeDef>
					</spirit:wireTypeDefs>
					<spirit:driver>
						<spirit:defaultValue>0</spirit:defaultValue>
					</spirit:driver>
				</spirit:wire>
				<spirit:vendorExtensions>
					<xilinx:portInfo>
						<xilinx:enablement>
							<xilinx:isEnabled>true</xilinx:isEnabled>
						</xilinx:enablement>
					</xilinx:portInfo>
				</spirit:vendorExtensions>
			</spirit:port>
			<spirit:port>
				<spirit:name>vtg_ce</spirit:name>
				<spirit:wire>
					<spirit:direction>out</spirit:direction>
					<spirit:wireTypeDefs>
						<spirit:wireTypeDef>
							<spirit:typeName>wire</spirit:typeName>
							<spirit:viewNameRef>dummy_view</spirit:viewNameRef>
						</spirit:wireTypeDef>
					</spirit:wireTypeDefs>
				</spirit:wire>
			</spirit:port>
			<spirit:port>
				<spirit:name>locked</spirit:name>
				<spirit:wire>
					<spirit:direction>out</spirit:direction>
					<spirit:wireTypeDefs>
						<spirit:wireTypeDef>
							<spirit:typeName>wire</spirit:typeName>
							<spirit:viewNameRef>dummy_view</spirit:viewNameRef>
						</spirit:wireTypeDef>
					</spirit:wireTypeDefs>
				</spirit:wire>
			</spirit:port>
			<spirit:port>
				<spirit:name>wr_error</spirit:name>
				<spirit:wire>
					<spirit:direction>out</spirit:direction>
					<spirit:wireTypeDefs>
						<spirit:wireTypeDef>
							<spirit:typeName>wire</spirit:typeName>
							<spirit:viewNameRef>dummy_view</spirit:viewNameRef>
						</spirit:wireTypeDef>
					</spirit:wireTypeDefs>
				</spirit:wire>
			</spirit:port>
			<spirit:port>
				<spirit:name>empty</spirit:name>
				<spirit:wire>
					<spirit:direction>out</spirit:direction>
					<spirit:wireTypeDefs>
						<spirit:wireTypeDef>
							<spirit:typeName>wire</spirit:typeName>
							<spirit:viewNameRef>dummy_view</spirit:viewNameRef>
						</spirit:wireTypeDef>
					</spirit:wireTypeDefs>
				</spirit:wire>
			</spirit:port>
		</spirit:ports>
		<spirit:modelParameters>
			<spirit:modelParameter xsi:type="spirit:nameValueTypeType"
					spirit:dataType="integer">
				<spirit:name>C_S_AXIS_VIDEO_DATA_WIDTH</spirit:name>
				<spirit:displayName>Component Data Width</spirit:displayName>
				<spirit:value spirit:format="long"
						spirit:resolve="generated"
						spirit:id="MODELPARAM_VALUE.C_S_AXIS_VIDEO_DATA_WIDTH"
						spirit:choiceRef="choices_4">8</spirit:value>
			</spirit:modelParameter>
			<spirit:modelParameter spirit:dataType="integer">
				<spirit:name>C_S_AXIS_VIDEO_FORMAT</spirit:name>
				<spirit:displayName>Video Format</spirit:displayName>
				<spirit:value spirit:format="long"
						spirit:resolve="generated"
						spirit:id="MODELPARAM_VALUE.C_S_AXIS_VIDEO_FORMAT"
						spirit:choiceRef="choices_5">0</spirit:value>
			</spirit:modelParameter>
			<spirit:modelParameter spirit:dataType="integer">
				<spirit:name>VID_OUT_DATA_WIDTH</spirit:name>
				<spirit:displayName>Vid Out Data Width</spirit:displayName>
				<spirit:value spirit:format="long"
						spirit:resolve="generated"
						spirit:id="MODELPARAM_VALUE.VID_OUT_DATA_WIDTH">16</spirit:value>
			</spirit:modelParameter>
			<spirit:modelParameter spirit:dataType="integer">
				<spirit:name>C_S_AXIS_VIDEO_TDATA_WIDTH</spirit:name>
				<spirit:displayName>C S Axis Video Tdata Width</spirit:displayName>
				<spirit:value spirit:format="long"
						spirit:resolve="generated"
						spirit:id="MODELPARAM_VALUE.C_S_AXIS_VIDEO_TDATA_WIDTH">16</spirit:value>
			</spirit:modelParameter>
			<spirit:modelParameter spirit:dataType="integer">
				<spirit:name>RAM_ADDR_BITS</spirit:name>
				<spirit:displayName>FIFO Depth</spirit:displayName>
				<spirit:value spirit:format="long"
						spirit:resolve="generated"
						spirit:id="MODELPARAM_VALUE.RAM_ADDR_BITS"
						spirit:choiceRef="choices_6">10</spirit:value>
			</spirit:modelParameter>
			<spirit:modelParameter spirit:dataType="integer">
				<spirit:name>HYSTERESIS_LEVEL</spirit:name>
				<spirit:displayName>Hysteresis Level</spirit:displayName>
				<spirit:value spirit:format="long"
						spirit:resolve="generated"
						spirit:id="MODELPARAM_VALUE.HYSTERESIS_LEVEL"
						spirit:minimum="8"
						spirit:maximum="9000">12</spirit:value>
			</spirit:modelParameter>
			<spirit:modelParameter spirit:dataType="integer">
				<spirit:name>FILL_GUARDBAND</spirit:name>
				<spirit:displayName>Fill Guardband</spirit:displayName>
				<spirit:value spirit:format="long"
						spirit:resolve="immediate"
						spirit:id="MODELPARAM_VALUE.FILL_GUARDBAND">3</spirit:value>
			</spirit:modelParameter>
			<spirit:modelParameter spirit:dataType="integer">
				<spirit:name>VTG_MASTER_SLAVE</spirit:name>
				<spirit:displayName>Vtg Master Slave</spirit:displayName>
				<spirit:value spirit:format="long"
						spirit:resolve="generated"
						spirit:id="MODELPARAM_VALUE.VTG_MASTER_SLAVE">1</spirit:value>
			</spirit:modelParameter>
		</spirit:modelParameters>
	</spirit:model>
	<spirit:choices>
		<spirit:choice>
			<spirit:name>choices_0</spirit:name>
			<spirit:enumeration>8</spirit:enumeration>
			<spirit:enumeration>10</spirit:enumeration>
			<spirit:enumeration>12</spirit:enumeration>
			<spirit:enumeration>14</spirit:enumeration>
			<spirit:enumeration>16</spirit:enumeration>
		</spirit:choice>
		<spirit:choice>
			<spirit:name>choices_1</spirit:name>
			<spirit:enumeration spirit:text="YUV_4:2:2:">0</spirit:enumeration>
			<spirit:enumeration spirit:text="YUV_4:4:4:">1</spirit:enumeration>
			<spirit:enumeration spirit:text="RGB">2</spirit:enumeration>
			<spirit:enumeration spirit:text="YUV_4:2:0:">3</spirit:enumeration>
			<spirit:enumeration spirit:text="YUVA_4:2:2:">4</spirit:enumeration>
			<spirit:enumeration spirit:text="YUVA_4:4:4:">5</spirit:enumeration>
			<spirit:enumeration spirit:text="RGBA">6</spirit:enumeration>
			<spirit:enumeration spirit:text="YUVA_4:2:0:">7</spirit:enumeration>
			<spirit:enumeration spirit:text="YUVD_4:2:2:">8</spirit:enumeration>
			<spirit:enumeration spirit:text="YUVD_4:4:4:">9</spirit:enumeration>
			<spirit:enumeration spirit:text="RGBD">10</spirit:enumeration>
			<spirit:enumeration spirit:text="SMPTE_352_YUV_4:2:0:">11</spirit:enumeration>
			<spirit:enumeration spirit:text="Mono_/_Sensor">12</spirit:enumeration>
		</spirit:choice>
		<spirit:choice>
			<spirit:name>choices_2</spirit:name>
			<spirit:enumeration spirit:text="32">5</spirit:enumeration>
			<spirit:enumeration spirit:text="1024">10</spirit:enumeration>
			<spirit:enumeration spirit:text="2048">11</spirit:enumeration>
			<spirit:enumeration spirit:text="4096">12</spirit:enumeration>
			<spirit:enumeration spirit:text="8192">13</spirit:enumeration>
		</spirit:choice>
		<spirit:choice>
			<spirit:name>choices_3</spirit:name>
			<spirit:enumeration spirit:text="Slave">0</spirit:enumeration>
			<spirit:enumeration spirit:text="Master">1</spirit:enumeration>
		</spirit:choice>
		<spirit:choice>
			<spirit:name>choices_4</spirit:name>
			<spirit:enumeration>8</spirit:enumeration>
			<spirit:enumeration>10</spirit:enumeration>
			<spirit:enumeration>12</spirit:enumeration>
			<spirit:enumeration>14</spirit:enumeration>
			<spirit:enumeration>16</spirit:enumeration>
		</spirit:choice>
		<spirit:choice>
			<spirit:name>choices_5</spirit:name>
			<spirit:enumeration spirit:text="YUV_4:2:2:">0</spirit:enumeration>
			<spirit:enumeration spirit:text="YUV_4:4:4:">1</spirit:enumeration>
			<spirit:enumeration spirit:text="RGB">2</spirit:enumeration>
			<spirit:enumeration spirit:text="YUV_4:2:0:">3</spirit:enumeration>
			<spirit:enumeration spirit:text="YUVA_4:2:2:">4</spirit:enumeration>
			<spirit:enumeration spirit:text="YUVA_4:4:4:">5</spirit:enumeration>
			<spirit:enumeration spirit:text="RGBA">6</spirit:enumeration>
			<spirit:enumeration spirit:text="YUVA_4:2:0:">7</spirit:enumeration>
			<spirit:enumeration spirit:text="YUVD_4:2:2:">8</spirit:enumeration>
			<spirit:enumeration spirit:text="YUVD_4:4:4:">9</spirit:enumeration>
			<spirit:enumeration spirit:text="RGBD">10</spirit:enumeration>
			<spirit:enumeration spirit:text="SMPTE_352_YUV_4:2:0:">11</spirit:enumeration>
			<spirit:enumeration spirit:text="Mono_/Sensor">12</spirit:enumeration>
		</spirit:choice>
		<spirit:choice>
			<spirit:name>choices_6</spirit:name>
			<spirit:enumeration spirit:text="32">5</spirit:enumeration>
			<spirit:enumeration spirit:text="1024">10</spirit:enumeration>
			<spirit:enumeration spirit:text="2048">11</spirit:enumeration>
			<spirit:enumeration spirit:text="4096">12</spirit:enumeration>
			<spirit:enumeration spirit:text="8192">13</spirit:enumeration>
		</spirit:choice>
	</spirit:choices>
	<spirit:description>Bridge from AXI4-Stream slave bus to video output with syncs.</spirit:description>
	<spirit:parameters>
		<spirit:parameter>
			<spirit:name>Component_Name</spirit:name>
			<spirit:value spirit:resolve="user"
					spirit:id="PARAM_VALUE.Component_Name"
					spirit:order="1">tutorial_v_axi4s_vid_out_0_0</spirit:value>
			<spirit:vendorExtensions>
				<xilinx:parameterInfo>
					<xilinx:enablement>
						<xilinx:isEnabled xilinx:resolve="dependent">true</xilinx:isEnabled>
					</xilinx:enablement>
				</xilinx:parameterInfo>
			</spirit:vendorExtensions>
		</spirit:parameter>
		<spirit:parameter>
			<spirit:name>C_S_AXIS_VIDEO_MAX_TDATASMPLS_PER_CLK</spirit:name>
			<spirit:displayName>Pixels Per Clock</spirit:displayName>
			<spirit:value spirit:format="long"
					spirit:resolve="user"
					spirit:id="PARAM_VALUE.C_S_AXIS_VIDEO_MAX_TDATASMPLS_PER_CLK"
					spirit:order="1600"
					spirit:configGroups="1 NoDisplay"
					spirit:minimum="1"
					spirit:maximum="4">1</spirit:value>
			<spirit:vendorExtensions>
				<xilinx:parameterInfo>
					<xilinx:enablement>
						<xilinx:isEnabled xilinx:resolve="dependent">true</xilinx:isEnabled>
					</xilinx:enablement>
				</xilinx:parameterInfo>
			</spirit:vendorExtensions>
		</spirit:parameter>
		<spirit:parameter>
			<spirit:name>C_S_AXIS_VIDEO_DATA_WIDTH</spirit:name>
			<spirit:displayName>Component Data Width</spirit:displayName>
			<spirit:value spirit:format="long"
					spirit:resolve="user"
					spirit:id="PARAM_VALUE.C_S_AXIS_VIDEO_DATA_WIDTH"
					spirit:choiceRef="choices_0"
					spirit:order="1500"
					spirit:configGroups="1 NoDisplay">8</spirit:value>
			<spirit:vendorExtensions>
				<xilinx:parameterInfo>
					<xilinx:enablement>
						<xilinx:isEnabled xilinx:resolve="dependent">true</xilinx:isEnabled>
					</xilinx:enablement>
				</xilinx:parameterInfo>
			</spirit:vendorExtensions>
		</spirit:parameter>
		<spirit:parameter>
			<spirit:name>C_S_AXIS_VIDEO_FORMAT</spirit:name>
			<spirit:displayName>Video Format</spirit:displayName>
			<spirit:value spirit:format="long"
					spirit:resolve="user"
					spirit:id="PARAM_VALUE.C_S_AXIS_VIDEO_FORMAT"
					spirit:choiceRef="choices_1"
					spirit:order="1400"
					spirit:configGroups="1 NoDisplay">0</spirit:value>
			<spirit:vendorExtensions>
				<xilinx:parameterInfo>
					<xilinx:enablement>
						<xilinx:isEnabled xilinx:resolve="dependent">true</xilinx:isEnabled>
					</xilinx:enablement>
				</xilinx:parameterInfo>
			</spirit:vendorExtensions>
		</spirit:parameter>
		<spirit:parameter>
			<spirit:name>RAM_ADDR_BITS</spirit:name>
			<spirit:displayName>FIFO Depth</spirit:displayName>
			<spirit:value spirit:format="long"
					spirit:resolve="user"
					spirit:id="PARAM_VALUE.RAM_ADDR_BITS"
					spirit:choiceRef="choices_2"
					spirit:order="1300"
					spirit:configGroups="1 NoDisplay">10</spirit:value>
			<spirit:vendorExtensions>
				<xilinx:parameterInfo>
					<xilinx:enablement>
						<xilinx:isEnabled xilinx:resolve="dependent">true</xilinx:isEnabled>
					</xilinx:enablement>
				</xilinx:parameterInfo>
			</spirit:vendorExtensions>
		</spirit:parameter>
		<spirit:parameter>
			<spirit:name>HYSTERESIS_LEVEL</spirit:name>
			<spirit:displayName>Hysteresis Level</spirit:displayName>
			<spirit:value spirit:format="long"
					spirit:resolve="user"
					spirit:id="PARAM_VALUE.HYSTERESIS_LEVEL"
					spirit:order="1200"
					spirit:configGroups="1 NoDisplay"
					spirit:minimum="8"
					spirit:maximum="1008">12</spirit:value>
			<spirit:vendorExtensions>
				<xilinx:parameterInfo>
					<xilinx:enablement>
						<xilinx:isEnabled xilinx:resolve="dependent">true</xilinx:isEnabled>
					</xilinx:enablement>
				</xilinx:parameterInfo>
			</spirit:vendorExtensions>
		</spirit:parameter>
		<spirit:parameter>
			<spirit:name>VTG_MASTER_SLAVE</spirit:name>
			<spirit:displayName>Timing Mode</spirit:displayName>
			<spirit:value spirit:format="long"
					spirit:resolve="user"
					spirit:id="PARAM_VALUE.VTG_MASTER_SLAVE"
					spirit:choiceRef="choices_3"
					spirit:order="10100"
					spirit:configGroups="1 UnGrouped">1</spirit:value>
			<spirit:vendorExtensions>
				<xilinx:parameterInfo>
					<xilinx:enablement>
						<xilinx:isEnabled xilinx:resolve="dependent">true</xilinx:isEnabled>
					</xilinx:enablement>
				</xilinx:parameterInfo>
			</spirit:vendorExtensions>
		</spirit:parameter>
	</spirit:parameters>
	<spirit:vendorExtensions>
		<xilinx:coreExtensions>
			<xilinx:supportedFamilies>
				<xilinx:family xilinx:lifeCycle="Production">artix7</xilinx:family>
				<xilinx:family xilinx:lifeCycle="Production">artix7l</xilinx:family>
				<xilinx:family xilinx:lifeCycle="Production">azynq</xilinx:family>
				<xilinx:family xilinx:lifeCycle="Production">kintex7</xilinx:family>
				<xilinx:family xilinx:lifeCycle="Production">kintex7l</xilinx:family>
				<xilinx:family xilinx:lifeCycle="Pre-Production">kintexu</xilinx:family>
				<xilinx:family xilinx:lifeCycle="Production">qartix7</xilinx:family>
				<xilinx:family xilinx:lifeCycle="Production">qkintex7</xilinx:family>
				<xilinx:family xilinx:lifeCycle="Production">qkintex7l</xilinx:family>
				<xilinx:family xilinx:lifeCycle="Production">qvirtex7</xilinx:family>
				<xilinx:family xilinx:lifeCycle="Production">qzynq</xilinx:family>
				<xilinx:family xilinx:lifeCycle="Production">virtex7</xilinx:family>
				<xilinx:family xilinx:lifeCycle="Pre-Production">virtexu</xilinx:family>
				<xilinx:family xilinx:lifeCycle="Production">zynq</xilinx:family>
			</xilinx:supportedFamilies>
			<xilinx:taxonomies>
				<xilinx:taxonomy>/Video_&amp;_Image_Processing</xilinx:taxonomy>
			</xilinx:taxonomies>
			<xilinx:displayName>AXI4-Stream to Video Out</xilinx:displayName>
			<xilinx:vendorURL>http://www.xilinx.com/products/intellectual-property/axi4_stream_to_video_out.htm</xilinx:vendorURL>
			<xilinx:coreRevision>4</xilinx:coreRevision>
			<xilinx:paymentRequired>false</xilinx:paymentRequired>
			<xilinx:upgrades>
				<xilinx:canUpgradeFrom>xilinx.com:ip:v_axi4s_vid_out:2.01.a</xilinx:canUpgradeFrom>
			</xilinx:upgrades>
			<xilinx:coreCreationDateTime>2014-03-28T22:20:22Z</xilinx:coreCreationDateTime>
		</xilinx:coreExtensions>
		<xilinx:packagingInfo>
			<xilinx:xilinxVersion>2014.1</xilinx:xilinxVersion>
			<xilinx:checksum xilinx:scope="busInterfaces"
					xilinx:value="e8628682"/>
			<xilinx:checksum xilinx:scope="fileGroups"
					xilinx:value="02248a9d"/>
			<xilinx:checksum xilinx:scope="ports"
					xilinx:value="fab720b4"/>
			<xilinx:checksum xilinx:scope="hdlParameters"
					xilinx:value="820d9fbe"/>
			<xilinx:checksum xilinx:scope="parameters"
					xilinx:value="2ecfc4a6"/>
		</xilinx:packagingInfo>
	</spirit:vendorExtensions>
</spirit:component>
